WSCU3882001,20DC,CAESAR-SHA
WSCU3846391,20DC,CAESAR-SHA
WSCU3837240,20DC,CAESAR-SHA
WSCU3825130,20DC,CAESAR-SHA
WSCU3744260,20DC,CAESAR-SHA
WSCU3734998,20DC,CAESAR-SHA
WSCU3661232,20DC,CAESAR-SHA
WSCU3656745,20DC,CAESAR-SHA
WSCU3395256,20DC,CAESAR-SHA
WSCU3318840,20DC,CAESAR-SHA
WSCU3189147,20DC,CAESAR-SHA
WSCU3150079,20DC,CAESAR-SHA
WSCU3066836,20DC,CAESAR-SHA
WSCU2691870,20DC,CAESAR-SHA
WSCU1421850,20DC,CAESAR-SHA
TGHU4695080,40DC,CAESAR-SHA
SITU9023658,40HC,CAESAR-SHA
SITU9021824,40HC,CAESAR-SHA
SITU9020052,40HC,CAESAR-SHA
SITU9012273,40HC,CAESAR-SHA
SITU9011894,40HC,CAESAR-SHA
SITU9011446,40HC,CAESAR-SHA
SITU9007786,40HC,CAESAR-SHA
CLHU4474550,40DC,CAESAR-SHA
CLHU4547066,40DC,CAESAR-SHA
SESU4913703,40HC,CAESAR-SHA
SESU4913690,40HC,CAESAR-SHA
SESU4913684,40HC,CAESAR-SHA
SESU4913302,40HC,CAESAR-SHA
SESU4913283,40HC,CAESAR-SHA
SESU4913262,40HC,CAESAR-SHA
SESU4913257,40HC,CAESAR-SHA
SESU4913241,40HC,CAESAR-SHA
SESU4913236,40HC,CAESAR-SHA
CRXU3202683,20DC,CAESAR-SHA
SESU4913220,40HC,CAESAR-SHA
SESU4912991,40HC,CAESAR-SHA
SESU4912986,40HC,CAESAR-SHA
SESU4912970,40HC,CAESAR-SHA
SESU4912939,40HC,CAESAR-SHA
SESU4912923,40HC,CAESAR-SHA
SESU4912918,40HC,CAESAR-SHA
SESU4912902,40HC,CAESAR-SHA
SESU4912749,40HC,CAESAR-SHA
SESU4912733,40HC,CAESAR-SHA
SESU4912728,40HC,CAESAR-SHA
SESU4912712,40HC,CAESAR-SHA
SESU4912707,40HC,CAESAR-SHA
SESU4912693,40HC,CAESAR-SHA
SESU4912688,40HC,CAESAR-SHA
SESU4912672,40HC,CAESAR-SHA
SESU4912667,40HC,CAESAR-SHA
SESU4912538,40HC,CAESAR-SHA
SESU4912517,40HC,CAESAR-SHA
SESU4912501,40HC,CAESAR-SHA
SESU4912498,40HC,CAESAR-SHA
SESU4912482,40HC,CAESAR-SHA
SESU4912477,40HC,CAESAR-SHA
SESU4912461,40HC,CAESAR-SHA
SESU4912456,40HC,CAESAR-SHA
SESU4912440,40HC,CAESAR-SHA
SESU4912435,40HC,CAESAR-SHA
SESU4912420,40HC,CAESAR-SHA
SESU4912409,40HC,CAESAR-SHA
SESU4912395,40HC,CAESAR-SHA
SESU4912353,40HC,CAESAR-SHA
SESU4912348,40HC,CAESAR-SHA
SESU4912306,40HC,CAESAR-SHA
SESU4912271,40HC,CAESAR-SHA
SESU4912224,40HC,CAESAR-SHA
SESU4912179,40HC,CAESAR-SHA
SESU4912163,40HC,CAESAR-SHA
SESU4909724,40HC,CAESAR-SHA
SESU4013342,40DC,CAESAR-SHA
FSCU9265798,40HC,CAESAR-SHA
SESU4013039,40DC,CAESAR-SHA
SESU4013023,40DC,CAESAR-SHA
SESU4013018,40DC,CAESAR-SHA
SESU4013002,40DC,CAESAR-SHA
SESU4012979,40DC,CAESAR-SHA
SESU4012963,40DC,CAESAR-SHA
SESU4012834,40DC,CAESAR-SHA
SESU4012794,40DC,CAESAR-SHA
SESU4012747,40DC,CAESAR-SHA
SESU4012731,40DC,CAESAR-SHA
SESU4012670,40DC,CAESAR-SHA
SESU4012665,40DC,CAESAR-SHA
SESU4012644,40DC,CAESAR-SHA
SESU4012602,40DC,CAESAR-SHA
SESU4012351,40DC,CAESAR-SHA
SESU4012074,40DC,CAESAR-SHA
SESU4012069,40DC,CAESAR-SHA
SESU4012053,40DC,CAESAR-SHA
SESU4012048,40DC,CAESAR-SHA
SESU4011165,40DC,CAESAR-SHA
SESU4011150,40DC,CAESAR-SHA
SESU4011139,40DC,CAESAR-SHA
SESU4011123,40DC,CAESAR-SHA
SESU4011083,40DC,CAESAR-SHA
SESU4011078,40DC,CAESAR-SHA
SESU4011062,40DC,CAESAR-SHA
SESU4011057,40DC,CAESAR-SHA
NIDU2185460,20DC,CAESAR-SHA
NIDU2192773,20DC,CAESAR-SHA
NIDU2203461,20DC,CAESAR-SHA
NIDU2212308,20DC,CAESAR-SHA
NIDU2219046,20DC,CAESAR-SHA
NIDU2230301,20DC,CAESAR-SHA
NIDU2237625,20DC,CAESAR-SHA
NIDU2242175,20DC,CAESAR-SHA
SESU2204714,20DC,CAESAR-SHA
NIDU2271131,20DC,CAESAR-SHA
PCIU2118646,20DC,CAESAR-SHA
SESU2204062,20DC,CAESAR-SHA
SESU2204057,20DC,CAESAR-SHA
SESU2204041,20DC,CAESAR-SHA
SESU2204036,20DC,CAESAR-SHA
SESU2204020,20DC,CAESAR-SHA
SESU2204015,20DC,CAESAR-SHA
SESU2204000,20DC,CAESAR-SHA
SESU2203997,20DC,CAESAR-SHA
SESU2203981,20DC,CAESAR-SHA
SESU2203976,20DC,CAESAR-SHA
SESU2203955,20DC,CAESAR-SHA
SESU2203908,20DC,CAESAR-SHA
SESU2203894,20DC,CAESAR-SHA
SESU2203889,20DC,CAESAR-SHA
SESU2203873,20DC,CAESAR-SHA
SESU2203868,20DC,CAESAR-SHA
SESU2203852,20DC,CAESAR-SHA
SESU2203847,20DC,CAESAR-SHA
SESU2203831,20DC,CAESAR-SHA
SESU2203826,20DC,CAESAR-SHA
SESU2203810,20DC,CAESAR-SHA
SESU2203805,20DC,CAESAR-SHA
SESU2203791,20DC,CAESAR-SHA
SESU2203786,20DC,CAESAR-SHA
SESU2203770,20DC,CAESAR-SHA
SESU2203765,20DC,CAESAR-SHA
SESU2203750,20DC,CAESAR-SHA
SESU2203744,20DC,CAESAR-SHA
SESU2203739,20DC,CAESAR-SHA
SESU2203723,20DC,CAESAR-SHA
SESU2203683,20DC,CAESAR-SHA
SESU2203662,20DC,CAESAR-SHA
SESU2203636,20DC,CAESAR-SHA
SESU2203615,20DC,CAESAR-SHA
SESU2203596,20DC,CAESAR-SHA
SESU2203575,20DC,CAESAR-SHA
SESU2203560,20DC,CAESAR-SHA
SESU2203554,20DC,CAESAR-SHA
SESU2203092,20DC,CAESAR-SHA
SESU2203087,20DC,CAESAR-SHA
SESU2203071,20DC,CAESAR-SHA
SESU2203066,20DC,CAESAR-SHA
SESU2203030,20DC,CAESAR-SHA
SESU2203024,20DC,CAESAR-SHA
SESU2202985,20DC,CAESAR-SHA
SESU2202922,20DC,CAESAR-SHA
SESU2202917,20DC,CAESAR-SHA
SESU2202901,20DC,CAESAR-SHA
SESU2202877,20DC,CAESAR-SHA
SESU2202861,20DC,CAESAR-SHA
SESU2202856,20DC,CAESAR-SHA
SESU2202835,20DC,CAESAR-SHA
SESU2202820,20DC,CAESAR-SHA
SESU2202814,20DC,CAESAR-SHA
SESU2202753,20DC,CAESAR-SHA
SESU2201119,20DC,CAESAR-SHA
SESU2201103,20DC,CAESAR-SHA
SESU2201084,20DC,CAESAR-SHA
SESU2201079,20DC,CAESAR-SHA
SESU2201063,20DC,CAESAR-SHA
SESU2201058,20DC,CAESAR-SHA
SESU2201021,20DC,CAESAR-SHA
SESU2201016,20DC,CAESAR-SHA
SESU2200895,20DC,CAESAR-SHA
SESU2200880,20DC,CAESAR-SHA
SESU2200869,20DC,CAESAR-SHA
SESU2200133,20DC,CAESAR-SHA
SESU2200128,20DC,CAESAR-SHA
SESU2200112,20DC,CAESAR-SHA
SESU2200107,20DC,CAESAR-SHA
SESU2200093,20DC,CAESAR-SHA
SESU2200088,20DC,CAESAR-SHA
SESU2200072,20DC,CAESAR-SHA
SESU2200067,20DC,CAESAR-SHA
SESU2199855,20DC,CAESAR-SHA
SESU2199264,20DC,CAESAR-SHA
SESU2198524,20DC,CAESAR-SHA
SESU2198479,20DC,CAESAR-SHA
SESU2198118,20DC,CAESAR-SHA
SESU2197019,20DC,CAESAR-SHA
SESU2196835,20DC,CAESAR-SHA
SESU2196183,20DC,CAESAR-SHA
SESU2196162,20DC,CAESAR-SHA
SESU2196157,20DC,CAESAR-SHA
SESU2195870,20DC,CAESAR-SHA
SESU2195865,20DC,CAESAR-SHA
SESU2195783,20DC,CAESAR-SHA
SESU2195551,20DC,CAESAR-SHA
SESU2195525,20DC,CAESAR-SHA
SESU2195504,20DC,CAESAR-SHA
SESU2195485,20DC,CAESAR-SHA
SESU2195145,20DC,CAESAR-SHA
SESU2193271,20DC,CAESAR-SHA
SESU2193230,20DC,CAESAR-SHA
SESU2193179,20DC,CAESAR-SHA
SESU2193158,20DC,CAESAR-SHA
SESU2193055,20DC,CAESAR-SHA
SESU2173423,20DC,CAESAR-SHA
SESU2173784,20DC,CAESAR-SHA
SESU2173790,20DC,CAESAR-SHA
SESU2173830,20DC,CAESAR-SHA
SESU2173887,20DC,CAESAR-SHA
SESU2173892,20DC,CAESAR-SHA
SESU2173906,20DC,CAESAR-SHA
SESU2173927,20DC,CAESAR-SHA
SESU2173948,20DC,CAESAR-SHA
SESU2173969,20DC,CAESAR-SHA
SESU2174034,20DC,CAESAR-SHA
SESU2174081,20DC,CAESAR-SHA
SESU2174116,20DC,CAESAR-SHA
SESU2192803,20DC,CAESAR-SHA
SESU2192790,20DC,CAESAR-SHA
SESU2192784,20DC,CAESAR-SHA
SESU2192779,20DC,CAESAR-SHA
SESU2192763,20DC,CAESAR-SHA
SESU2192758,20DC,CAESAR-SHA
SESU2192505,20DC,CAESAR-SHA
SESU2192423,20DC,CAESAR-SHA
SESU2192418,20DC,CAESAR-SHA
SESU2192402,20DC,CAESAR-SHA
SESU2192399,20DC,CAESAR-SHA
SESU2192383,20DC,CAESAR-SHA
SESU2192378,20DC,CAESAR-SHA
SESU2192110,20DC,CAESAR-SHA
SESU2191983,20DC,CAESAR-SHA
SESU2191957,20DC,CAESAR-SHA
SESU2191880,20DC,CAESAR-SHA
SESU2191875,20DC,CAESAR-SHA
SESU2191860,20DC,CAESAR-SHA
SESU2191828,20DC,CAESAR-SHA
SESU2191772,20DC,CAESAR-SHA
SESU2191704,20DC,CAESAR-SHA
SESU2176504,20DC,CAESAR-SHA
SESU2176588,20DC,CAESAR-SHA
SESU2190117,20DC,CAESAR-SHA
SESU2190098,20DC,CAESAR-SHA
SESU2190061,20DC,CAESAR-SHA
SESU2190040,20DC,CAESAR-SHA
SESU2190020,20DC,CAESAR-SHA
SESU2189991,20DC,CAESAR-SHA
SESU2189986,20DC,CAESAR-SHA
SESU2189970,20DC,CAESAR-SHA
SESU2189965,20DC,CAESAR-SHA
SESU2189950,20DC,CAESAR-SHA
SESU2189944,20DC,CAESAR-SHA
SESU2189939,20DC,CAESAR-SHA
SESU2189923,20DC,CAESAR-SHA
SESU2189918,20DC,CAESAR-SHA
SESU2189902,20DC,CAESAR-SHA
SESU2189899,20DC,CAESAR-SHA
SESU2189883,20DC,CAESAR-SHA
SESU2189878,20DC,CAESAR-SHA
SESU2189862,20DC,CAESAR-SHA
SESU2189857,20DC,CAESAR-SHA
SESU2189836,20DC,CAESAR-SHA
SESU2189820,20DC,CAESAR-SHA
SESU2189815,20DC,CAESAR-SHA
SESU2189800,20DC,CAESAR-SHA
SESU2189796,20DC,CAESAR-SHA
SESU2189780,20DC,CAESAR-SHA
SESU2189760,20DC,CAESAR-SHA
SESU2189754,20DC,CAESAR-SHA
SESU2189749,20DC,CAESAR-SHA
SESU2189728,20DC,CAESAR-SHA
SESU2189707,20DC,CAESAR-SHA
SESU2189693,20DC,CAESAR-SHA
SESU2189688,20DC,CAESAR-SHA
SESU2189667,20DC,CAESAR-SHA
SESU2189646,20DC,CAESAR-SHA
SESU2189610,20DC,CAESAR-SHA
SESU2189522,20DC,CAESAR-SHA
SESU2189517,20DC,CAESAR-SHA
SESU2189501,20DC,CAESAR-SHA
SESU2189498,20DC,CAESAR-SHA
SESU2189477,20DC,CAESAR-SHA
SESU2189461,20DC,CAESAR-SHA
SESU2189456,20DC,CAESAR-SHA
SESU2189440,20DC,CAESAR-SHA
SESU2189435,20DC,CAESAR-SHA
SESU2189420,20DC,CAESAR-SHA
SESU2189409,20DC,CAESAR-SHA
SESU2189395,20DC,CAESAR-SHA
SESU2189380,20DC,CAESAR-SHA
SESU2189374,20DC,CAESAR-SHA
SESU2189369,20DC,CAESAR-SHA
SESU2189353,20DC,CAESAR-SHA
SESU2189332,20DC,CAESAR-SHA
SESU2189327,20DC,CAESAR-SHA
SESU2189306,20DC,CAESAR-SHA
SESU2189292,20DC,CAESAR-SHA
SESU2189287,20DC,CAESAR-SHA
SESU2189271,20DC,CAESAR-SHA
SESU2189266,20DC,CAESAR-SHA
SESU2189245,20DC,CAESAR-SHA
SESU2189230,20DC,CAESAR-SHA
SESU2189219,20DC,CAESAR-SHA
SESU2189076,20DC,CAESAR-SHA
SESU2188640,20DC,CAESAR-SHA
SESU2188547,20DC,CAESAR-SHA
SESU2186462,20DC,CAESAR-SHA
SESU2186420,20DC,CAESAR-SHA
SESU2186375,20DC,CAESAR-SHA
SESU2186349,20DC,CAESAR-SHA
SESU2186333,20DC,CAESAR-SHA
SESU2186328,20DC,CAESAR-SHA
SESU2186246,20DC,CAESAR-SHA
SESU2185996,20DC,CAESAR-SHA
SESU2185980,20DC,CAESAR-SHA
SESU2185975,20DC,CAESAR-SHA
SESU2185960,20DC,CAESAR-SHA
SESU2185954,20DC,CAESAR-SHA
SESU2185949,20DC,CAESAR-SHA
SESU2185933,20DC,CAESAR-SHA
SESU2185928,20DC,CAESAR-SHA
SESU2185912,20DC,CAESAR-SHA
SESU2185893,20DC,CAESAR-SHA
SESU2185851,20DC,CAESAR-SHA
SESU2185825,20DC,CAESAR-SHA
SESU2185738,20DC,CAESAR-SHA
SESU2185717,20DC,CAESAR-SHA
SESU2185701,20DC,CAESAR-SHA
SESU2183252,20DC,CAESAR-SHA
SESU2183268,20DC,CAESAR-SHA
SESU2183273,20DC,CAESAR-SHA
SESU2183289,20DC,CAESAR-SHA
SESU2185698,20DC,CAESAR-SHA
SESU2183308,20DC,CAESAR-SHA
SESU2183313,20DC,CAESAR-SHA
SESU2185635,20DC,CAESAR-SHA
SESU2185620,20DC,CAESAR-SHA
SESU2185553,20DC,CAESAR-SHA
SESU2185548,20DC,CAESAR-SHA
SESU2185511,20DC,CAESAR-SHA
SESU2185487,20DC,CAESAR-SHA
SESU2185450,20DC,CAESAR-SHA
SESU2185424,20DC,CAESAR-SHA
SESU2185419,20DC,CAESAR-SHA
SESU2185403,20DC,CAESAR-SHA
SESU2183437,20DC,CAESAR-SHA
SESU2185384,20DC,CAESAR-SHA
SESU2183463,20DC,CAESAR-SHA
SESU2183479,20DC,CAESAR-SHA
SESU2185363,20DC,CAESAR-SHA
SESU2185358,20DC,CAESAR-SHA
SESU2183519,20DC,CAESAR-SHA
SESU2184011,20DC,CAESAR-SHA
SESU2184006,20DC,CAESAR-SHA
SESU2183993,20DC,CAESAR-SHA
SESU2183988,20DC,CAESAR-SHA
SESU2183972,20DC,CAESAR-SHA
SESU2183967,20DC,CAESAR-SHA
SESU2183695,20DC,CAESAR-SHA
SESU2183709,20DC,CAESAR-SHA
SESU2183925,20DC,CAESAR-SHA
SESU2183720,20DC,CAESAR-SHA
LEAU2004023,20DC,CMACGM
SESU2199428,20DC,CMACGM
SESU2199412,20DC,CMACGM
SESU2199407,20DC,CMACGM
SESU2198186,20DC,CMACGM
SITU2951449,20DC,COSCO-SHA
SITU2944964,20DC,COSCO-SHA
SITU2944347,20DC,COSCO-SHA
SESU4914401,40HC,COSCO-SHA
SESU4914398,40HC,COSCO-SHA
SESU4914382,40HC,COSCO-SHA
SESU4914335,40HC,COSCO-SHA
SESU4914320,40HC,COSCO-SHA
SESU2908035,20HC,COSCO-SHA
SESU2908014,20HC,COSCO-SHA
SESU2908009,20HC,COSCO-SHA
SESU2907996,20HC,COSCO-SHA
SESU2907980,20HC,COSCO-SHA
SESU2907975,20HC,COSCO-SHA
SESU2907960,20HC,COSCO-SHA
SESU2907954,20HC,COSCO-SHA
SESU2907949,20HC,COSCO-SHA
SESU2907810,20HC,COSCO-SHA
SESU2907384,20HC,COSCO-SHA
SESU2907379,20HC,COSCO-SHA
SESU2907189,20HC,COSCO-SHA
SESU2205937,20DC,COSCO-SHA
SESU2205921,20DC,COSCO-SHA
SESU2205916,20DC,COSCO-SHA
SESU2205900,20DC,COSCO-SHA
SESU2205897,20DC,COSCO-SHA
SESU2205881,20DC,COSCO-SHA
SESU2205876,20DC,COSCO-SHA
SESU2205860,20DC,COSCO-SHA
SESU2205855,20DC,COSCO-SHA
SESU2205840,20DC,COSCO-SHA
SESU2205834,20DC,COSCO-SHA
SESU2205829,20DC,COSCO-SHA
SESU2205813,20DC,COSCO-SHA
SESU2205808,20DC,COSCO-SHA
SESU2205794,20DC,COSCO-SHA
SESU2205705,20DC,COSCO-SHA
SESU2205691,20DC,COSCO-SHA
SESU2205686,20DC,COSCO-SHA
SESU2205670,20DC,COSCO-SHA
SESU2205665,20DC,COSCO-SHA
SESU2205650,20DC,COSCO-SHA
SESU2205644,20DC,COSCO-SHA
SESU2205639,20DC,COSCO-SHA
SESU2205623,20DC,COSCO-SHA
SESU2205618,20DC,COSCO-SHA
SESU2205602,20DC,COSCO-SHA
SESU2205599,20DC,COSCO-SHA
SESU2205583,20DC,COSCO-SHA
SESU2205578,20DC,COSCO-SHA
SESU2205562,20DC,COSCO-SHA
SESU2205557,20DC,COSCO-SHA
SESU2205541,20DC,COSCO-SHA
SESU2205536,20DC,COSCO-SHA
SESU2205520,20DC,COSCO-SHA
SESU2205515,20DC,COSCO-SHA
SESU2205500,20DC,COSCO-SHA
SESU2205496,20DC,COSCO-SHA
SESU2205480,20DC,COSCO-SHA
SESU2205475,20DC,COSCO-SHA
SESU2205460,20DC,COSCO-SHA
SESU2205454,20DC,COSCO-SHA
SESU2205449,20DC,COSCO-SHA
SESU2205433,20DC,COSCO-SHA
SESU2205428,20DC,COSCO-SHA
SESU2205412,20DC,COSCO-SHA
SESU2205407,20DC,COSCO-SHA
SESU2205393,20DC,COSCO-SHA
SESU2205388,20DC,COSCO-SHA
SESU2205372,20DC,COSCO-SHA
SESU2205367,20DC,COSCO-SHA
SESU2205351,20DC,COSCO-SHA
SESU2205346,20DC,COSCO-SHA
SESU2205330,20DC,COSCO-SHA
SESU2205325,20DC,COSCO-SHA
SESU2205310,20DC,COSCO-SHA
SESU2205304,20DC,COSCO-SHA
SESU2204946,20DC,COSCO-SHA
SESU2204930,20DC,COSCO-SHA
SESU2204925,20DC,COSCO-SHA
SESU2204910,20DC,COSCO-SHA
SESU2204735,20DC,COSCO-SHA
SESU2204720,20DC,COSCO-SHA
SESU2204680,20DC,COSCO-SHA
SESU2204653,20DC,COSCO-SHA
SESU2204648,20DC,COSCO-SHA
SESU2204627,20DC,COSCO-SHA
SESU2204592,20DC,COSCO-SHA
SESU2204566,20DC,COSCO-SHA
SESU2204550,20DC,COSCO-SHA
SESU2204545,20DC,COSCO-SHA
SESU2204530,20DC,COSCO-SHA
SESU2204524,20DC,COSCO-SHA
SESU2204519,20DC,COSCO-SHA
SESU2204503,20DC,COSCO-SHA
SESU2204490,20DC,COSCO-SHA
SESU2204484,20DC,COSCO-SHA
SESU2204479,20DC,COSCO-SHA
SESU2204463,20DC,COSCO-SHA
SESU2204458,20DC,COSCO-SHA
SESU2204437,20DC,COSCO-SHA
SESU2204421,20DC,COSCO-SHA
SESU2204376,20DC,COSCO-SHA
SESU2204355,20DC,COSCO-SHA
SESU2204340,20DC,COSCO-SHA
SESU2204334,20DC,COSCO-SHA
SESU2204329,20DC,COSCO-SHA
SESU2204313,20DC,COSCO-SHA
SESU2204289,20DC,COSCO-SHA
SESU2204273,20DC,COSCO-SHA
SESU2204268,20DC,COSCO-SHA
SESU2204252,20DC,COSCO-SHA
SESU2204247,20DC,COSCO-SHA
SESU2204231,20DC,COSCO-SHA
SESU2204226,20DC,COSCO-SHA
SESU2204210,20DC,COSCO-SHA
SESU2204205,20DC,COSCO-SHA
SESU2204191,20DC,COSCO-SHA
SESU2204186,20DC,COSCO-SHA
SESU2204170,20DC,COSCO-SHA
SESU2204165,20DC,COSCO-SHA
SESU2204150,20DC,COSCO-SHA
SESU2204144,20DC,COSCO-SHA
SESU2204139,20DC,COSCO-SHA
SESU2204123,20DC,COSCO-SHA
SESU2204118,20DC,COSCO-SHA
SESU2204102,20DC,COSCO-SHA
SESU2204099,20DC,COSCO-SHA
SESU2204083,20DC,COSCO-SHA
SESU2204078,20DC,COSCO-SHA
SESU2203940,20DC,COSCO-SHA
SESU2203702,20DC,COSCO-SHA
SESU2203699,20DC,COSCO-SHA
SESU2203678,20DC,COSCO-SHA
SESU2203657,20DC,COSCO-SHA
SESU2203580,20DC,COSCO-SHA
SESU2203195,20DC,COSCO-SHA
SESU2202959,20DC,COSCO-SHA
SESU2199201,20DC,COSCO-SHA
SESU2198988,20DC,COSCO-SHA
SESU2198972,20DC,COSCO-SHA
SESU2198951,20DC,COSCO-SHA
SESU2198946,20DC,COSCO-SHA
SESU2187520,20DC,COSCO-SHA
SESU2187514,20DC,COSCO-SHA
SESU2187509,20DC,COSCO-SHA
SESU2187495,20DC,COSCO-SHA
SESU2187480,20DC,COSCO-SHA
SESU2187474,20DC,COSCO-SHA
SESU2187469,20DC,COSCO-SHA
SESU2187453,20DC,COSCO-SHA
SESU2187448,20DC,COSCO-SHA
SESU2187427,20DC,COSCO-SHA
LEAU4908550,40HC,EMC
LEAU4908565,40HC,EMC
LEAU4908605,40HC,EMC
LEAU4908610,40HC,EMC
LEAU4908734,40HC,EMC
LEAU4908755,40HC,EMC
LEAU4908781,40HC,EMC
LEAU4908821,40HC,EMC
LEAU4908842,40HC,EMC
LEAU4908858,40HC,EMC
LEAU4908863,40HC,EMC
NDSU2123196,20DC,FEDERATED
SESU2134324,20DC,HJN
SESU2134577,20DC,HJN
SESU2135763,20DC,HJN
SESU2195470,20DC,HMM
SESU2195253,20DC,HMM
SESU2195232,20DC,HMM
SESU2195227,20DC,HMM
GVCU5006842,40HC,IGLOBAL
GVDU5078384,40HC,IGLOBAL
LFGU5107594,40HC,IGLOBAL
SESU2204416,20DC,MAERSK
SESU2204400,20DC,MAERSK
SESU2204397,20DC,MAERSK
SESU2204381,20DC,MAERSK
SESU2126118,20DC,MAERSK
SESU2126210,20DC,MAERSK
SESU2127412,20DC,MAERSK
SESU2141684,20DC,MAERSK
SESU2141874,20DC,MAERSK
SESU2142079,20DC,MAERSK
SESU2164289,20DC,MAERSK
SESU2197180,20DC,MAERSK
SESU2196516,20DC,MAERSK
SESU2196347,20DC,MAERSK
SESU2195335,20DC,MAERSK
SESU2195150,20DC,MAERSK
SESU2194051,20DC,MAERSK
SESU2193693,20DC,MAERSK
SESU2190945,20DC,MAERSK
SESU2190930,20DC,MAERSK
SESU2190293,20DC,MAERSK
SESU2189841,20DC,MAERSK
SESU4914377,40HC,OOCL
SESU4914361,40HC,OOCL
SESU4914356,40HC,OOCL
SESU4914314,40HC,OOCL
SESU4914295,40HC,OOCL
SESU2908098,20HC,OOCL
SESU2908082,20HC,OOCL
SESU2908077,20HC,OOCL
SESU2907933,20HC,OOCL
SESU2907928,20HC,OOCL
SESU2907912,20HC,OOCL
SESU2907907,20HC,OOCL
SESU2907893,20HC,OOCL
SESU2907701,20HC,OOCL
SESU2907661,20HC,OOCL
SESU2907110,20HC,OOCL
SESU2205789,20DC,OOCL
SESU2205773,20DC,OOCL
SESU2205768,20DC,OOCL
SESU2205752,20DC,OOCL
SESU2205747,20DC,OOCL
SESU2205731,20DC,OOCL
SESU2205726,20DC,OOCL
SESU2205710,20DC,OOCL
LEAU4908626,40HC,OOCL
LEAU4908631,40HC,OOCL
LEAU4908647,40HC,OOCL
LEAU4908652,40HC,OOCL
LEAU4908668,40HC,OOCL
LEAU4908673,40HC,OOCL
LEAU4908689,40HC,OOCL
LEAU4908694,40HC,OOCL
LEAU4908708,40HC,OOCL
LEAU4908713,40HC,OOCL
LEAU4908729,40HC,OOCL
LEAU4908797,40HC,OOCL
LEAU4908800,40HC,OOCL
LEAU4908816,40HC,OOCL
LEAU4908890,40HC,OOCL
LEAU4908903,40HC,OOCL
LEAU4908919,40HC,OOCL
LEAU4908924,40HC,OOCL
LEAU4908930,40HC,OOCL
LEAU4908945,40HC,OOCL
LEAU4908950,40HC,OOCL
LEAU4908966,40HC,OOCL
LEAU4908971,40HC,OOCL
LEAU4908987,40HC,OOCL
LEAU4908992,40HC,OOCL
LEAU4909005,40HC,OOCL
LEAU4909010,40HC,OOCL
LEAU4909026,40HC,OOCL
LEAU4909031,40HC,OOCL
LEAU4909047,40HC,OOCL
SESU2205290,20DC,OOCL
SESU2205285,20DC,OOCL
SESU2205270,20DC,OOCL
SESU2205264,20DC,OOCL
SESU2205259,20DC,OOCL
SESU2205243,20DC,OOCL
SESU2205238,20DC,OOCL
SESU2205222,20DC,OOCL
SESU2205217,20DC,OOCL
SESU2205201,20DC,OOCL
SESU2205198,20DC,OOCL
SESU2205182,20DC,OOCL
SESU2205177,20DC,OOCL
SESU2205161,20DC,OOCL
SESU2205156,20DC,OOCL
SESU2205140,20DC,OOCL
SESU2205135,20DC,OOCL
SESU2205120,20DC,OOCL
SESU2205114,20DC,OOCL
SESU2205109,20DC,OOCL
SESU2205095,20DC,OOCL
SESU2205080,20DC,OOCL
SESU2205074,20DC,OOCL
SESU2205069,20DC,OOCL
SESU2205053,20DC,OOCL
SESU2205048,20DC,OOCL
SESU2205032,20DC,OOCL
SESU2205027,20DC,OOCL
SESU2205011,20DC,OOCL
SESU2205006,20DC,OOCL
SESU2204993,20DC,OOCL
SESU2204988,20DC,OOCL
SESU2204972,20DC,OOCL
SESU2204967,20DC,OOCL
SESU2204951,20DC,OOCL
SESU2204904,20DC,OOCL
SESU2204890,20DC,OOCL
SESU2204885,20DC,OOCL
SESU2204870,20DC,OOCL
SESU2204864,20DC,OOCL
SESU2204859,20DC,OOCL
SESU2204843,20DC,OOCL
SESU2204838,20DC,OOCL
SESU2204822,20DC,OOCL
SESU2204817,20DC,OOCL
SESU2204801,20DC,OOCL
SESU2204798,20DC,OOCL
SESU2204782,20DC,OOCL
SESU2204777,20DC,OOCL
SESU2204761,20DC,OOCL
SESU2204756,20DC,OOCL
SESU2204740,20DC,OOCL
SESU2151390,20DC,OOCL
SESU2200513,20DC,OOCL
SESU2200508,20DC,OOCL
SESU2200494,20DC,OOCL
SESU2200468,20DC,OOCL
SESU2200447,20DC,OOCL
SESU2200431,20DC,OOCL
SESU2200344,20DC,OOCL
SESU2200278,20DC,OOCL
SESU2200241,20DC,OOCL
SESU2200236,20DC,OOCL
SESU2200220,20DC,OOCL
SESU2200215,20DC,OOCL
SESU2200200,20DC,OOCL
SESU2200196,20DC,OOCL
SESU2200160,20DC,OOCL
SESU2199840,20DC,OOCL
SESU2199650,20DC,OOCL
SESU2199480,20DC,OOCL
SESU2199433,20DC,OOCL
SESU2199393,20DC,OOCL
SESU2199388,20DC,OOCL
SESU2199372,20DC,OOCL
SESU2199367,20DC,OOCL
SESU2199351,20DC,OOCL
SESU2199346,20DC,OOCL
SESU2199330,20DC,OOCL
SESU2199325,20DC,OOCL
SESU2199310,20DC,OOCL
SESU2199304,20DC,OOCL
SESU2199290,20DC,OOCL
SESU2199270,20DC,OOCL
SESU2198735,20DC,OOCL
SESU2198674,20DC,OOCL
SESU2198669,20DC,OOCL
SESU2198648,20DC,OOCL
SESU2198632,20DC,OOCL
SESU2198627,20DC,OOCL
SESU2198587,20DC,OOCL
SESU2198571,20DC,OOCL
SESU2198566,20DC,OOCL
SESU2198360,20DC,OOCL
WSCU3185584,20DC,PUDTRA-NGB
WSCU3026936,20DC,PUDTRA-NGB
WSCU1595131,20DC,PUDTRA-NGB
WSCU0200330,20DC,PUDTRA-NGB
SESU4012259,40DC,PUDTRA-QDO
SESU4012177,40DC,PUDTRA-QDO
SESU4012161,40DC,PUDTRA-QDO
PCIU2524584,20DC,PUDTRA-QDO
SESU2202373,20DC,PUDTRA-QDO
SESU2202305,20DC,PUDTRA-QDO
SESU2202291,20DC,PUDTRA-QDO
SESU2202286,20DC,PUDTRA-QDO
SESU2202270,20DC,PUDTRA-QDO
SESU2202265,20DC,PUDTRA-QDO
SESU2202250,20DC,PUDTRA-QDO
SESU2202183,20DC,PUDTRA-QDO
SESU2202162,20DC,PUDTRA-QDO
SESU2202157,20DC,PUDTRA-QDO
SESU2202141,20DC,PUDTRA-QDO
SESU2202115,20DC,PUDTRA-QDO
SESU2202100,20DC,PUDTRA-QDO
SESU2202096,20DC,PUDTRA-QDO
SESU2202080,20DC,PUDTRA-QDO
SESU2202075,20DC,PUDTRA-QDO
SESU2202060,20DC,PUDTRA-QDO
SESU2202054,20DC,PUDTRA-QDO
SESU2202049,20DC,PUDTRA-QDO
SESU2202033,20DC,PUDTRA-QDO
SESU2202028,20DC,PUDTRA-QDO
SESU2202012,20DC,PUDTRA-QDO
SESU2202007,20DC,PUDTRA-QDO
SESU2201994,20DC,PUDTRA-QDO
SESU2201973,20DC,PUDTRA-QDO
SESU2201968,20DC,PUDTRA-QDO
SESU2201947,20DC,PUDTRA-QDO
SESU2201931,20DC,PUDTRA-QDO
SESU2201926,20DC,PUDTRA-QDO
SESU2201905,20DC,PUDTRA-QDO
SESU2201799,20DC,PUDTRA-QDO
SESU2201783,20DC,PUDTRA-QDO
SESU2201741,20DC,PUDTRA-QDO
SESU2201401,20DC,PUDTRA-QDO
SESU2201377,20DC,PUDTRA-QDO
SESU2201361,20DC,PUDTRA-QDO
SESU2201356,20DC,PUDTRA-QDO
SESU2201340,20DC,PUDTRA-QDO
SESU2201320,20DC,PUDTRA-QDO
SESU2200750,20DC,PUDTRA-QDO
SESU2194684,20DC,PUDTRA-QDO
SESU2194160,20DC,PUDTRA-QDO
SESU2193883,20DC,PUDTRA-QDO
SESU2193878,20DC,PUDTRA-QDO
SESU2193857,20DC,PUDTRA-QDO
SESU2193820,20DC,PUDTRA-QDO
SESU4013321,40DC,PUDTRA-SHA
SESU4013316,40DC,PUDTRA-SHA
SESU4013297,40DC,PUDTRA-SHA
SESU4013276,40DC,PUDTRA-SHA
SESU4013255,40DC,PUDTRA-SHA
SESU4012460,40DC,PUDTRA-SHA
SESU2198062,20DC,PUDTRA-SHA
SESU2197220,20DC,PUDTRA-SHA
SESU2197214,20DC,PUDTRA-SHA
SESU2197174,20DC,PUDTRA-SHA
SESU2197169,20DC,PUDTRA-SHA
TTLU2016394,20DC,PUDTRA-TJN
TTLU2013820,20DC,PUDTRA-TJN
TTLU2012613,20DC,PUDTRA-TJN
SESU2152400,20DC,PUDTRA-TJN
SESU2167009,20DC,PUDTRA-TJN
SESU2193137,20DC,PUDTRA-TJN
SESU2193121,20DC,PUDTRA-TJN
SESU2193116,20DC,PUDTRA-TJN
SESU2193034,20DC,PUDTRA-TJN
SESU2193013,20DC,PUDTRA-TJN
SESU2193008,20DC,PUDTRA-TJN
SESU2192995,20DC,PUDTRA-TJN
SESU2192980,20DC,PUDTRA-TJN
SESU2192974,20DC,PUDTRA-TJN
SESU2192948,20DC,PUDTRA-TJN
SESU2192932,20DC,PUDTRA-TJN
SESU2192927,20DC,PUDTRA-TJN
SESU2192911,20DC,PUDTRA-TJN
SESU2192906,20DC,PUDTRA-TJN
SESU2192892,20DC,PUDTRA-TJN
SESU2192887,20DC,PUDTRA-TJN
SESU2192871,20DC,PUDTRA-TJN
SESU2192866,20DC,PUDTRA-TJN
SESU2192850,20DC,PUDTRA-TJN
SESU2192845,20DC,PUDTRA-TJN
SESU2192589,20DC,PUDTRA-TJN
SESU2192573,20DC,PUDTRA-TJN
SESU2192526,20DC,PUDTRA-TJN
SESU2192357,20DC,PUDTRA-TJN
SESU2192022,20DC,PUDTRA-TJN
SESU2191319,20DC,PUDTRA-TJN
SESU2179910,20DC,PUDTRA-TJN
SESU2189116,20DC,PUDTRA-TJN
SESU2188953,20DC,PUDTRA-TJN
SESU2188906,20DC,PUDTRA-TJN
SESU2188892,20DC,PUDTRA-TJN
SESU2188803,20DC,PUDTRA-TJN
SESU2188784,20DC,PUDTRA-TJN
SESU2188779,20DC,PUDTRA-TJN
SESU2188763,20DC,PUDTRA-TJN
SESU2188275,20DC,PUDTRA-TJN
SESU2188090,20DC,PUDTRA-TJN
SESU2187561,20DC,PUDTRA-TJN
SESU2187279,20DC,PUDTRA-TJN
SESU2187242,20DC,PUDTRA-TJN
SESU2187237,20DC,PUDTRA-TJN
WSCU1570600,20DC,SITC
CARU2208120,20DC,SITC
PCIU2109829,20DC,SITC
PCIU2134267,20DC,SITC
PCIU2558202,20DC,SITC
TCKU1509890,20DC,ZIM
SESU4914227,40HC,ZJI
