LEAU2013909,20DC,OOCL
LEAU2013914,20DC,OOCL
LEAU2013920,20DC,OOCL
LEAU2013935,20DC,OOCL
LEAU2013940,20DC,OOCL
LEAU2013956,20DC,OOCL
LEAU2013961,20DC,OOCL
LEAU2013977,20DC,OOCL
LEAU2013982,20DC,OOCL
LEAU2013998,20DC,OOCL
LEAU2014000,20DC,OOCL
LEAU2014016,20DC,COSCO-SHA
LEAU2014021,20DC,OOCL
LEAU2014037,20DC,OOCL
LEAU2014042,20DC,OOCL
LEAU2014058,20DC,OOCL
LEAU2014063,20DC,COSCO-SHA
LEAU2014079,20DC,OOCL
LEAU2014084,20DC,OOCL
LEAU2014090,20DC,OOCL
LEAU2014103,20DC,OOCL
LEAU2014119,20DC,OOCL
LEAU2014124,20DC,OOCL
LEAU2014130,20DC,OOCL
LEAU2014145,20DC,OOCL
LEAU2014150,20DC,OOCL
LEAU2014166,20DC,OOCL
LEAU2014171,20DC,OOCL
LEAU2014187,20DC,OOCL
LEAU2014192,20DC,OOCL
LEAU2014206,20DC,COSCO-SHA
LEAU2014211,20DC,COSCO-SHA
LEAU2014227,20DC,COSCO-SHA
LEAU2014232,20DC,COSCO-SHA
LEAU2014248,20DC,COSCO-SHA
LEAU2014253,20DC,COSCO-SHA
LEAU2014269,20DC,OOCL
LEAU2014274,20DC,OOCL
LEAU2014280,20DC,OOCL
LEAU2014295,20DC,OOCL
LEAU2014309,20DC,OOCL
LEAU2014314,20DC,OOCL
LEAU2014320,20DC,OOCL
LEAU2014335,20DC,OOCL
LEAU2014340,20DC,OOCL
LEAU2014356,20DC,OOCL
LEAU2014361,20DC,COSCO-SHA
LEAU2014377,20DC,OOCL
LEAU2014382,20DC,OOCL
LEAU2014398,20DC,COSCO-SHA
LEAU2014401,20DC,COSCO-SHA
LEAU2014417,20DC,COSCO-SHA
LEAU2014422,20DC,COSCO-SHA
LEAU2014438,20DC,COSCO-SHA
LEAU2014443,20DC,COSCO-SHA
LEAU2014459,20DC,COSCO-SHA
LEAU2014464,20DC,COSCO-SHA
LEAU2014470,20DC,COSCO-SHA
LEAU2014485,20DC,COSCO-SHA
LEAU2014490,20DC,COSCO-SHA
LEAU2014504,20DC,COSCO-SHA
LEAU2014510,20DC,COSCO-SHA
LEAU2014551,20DC,COSCO-SHA
LEAU2014567,20DC,COSCO-SHA
LEAU2014783,20DC,COSCO-SHA
LEAU2014844,20DC,COSCO-SHA
LEAU2014865,20DC,COSCO-SHA
LEAU2014870,20DC,COSCO-SHA
LEAU2014886,20DC,COSCO-SHA
LEAU2014891,20DC,COSCO-SHA
LEAU4908550,40HC,EMC
SESU2126118,20DC,MAERSK
SESU2126210,20DC,MAERSK
SESU2134324,20DC,HJN
SESU2134577,20DC,HJN
SESU2135763,20DC,HJN
SESU2141684,20DC,MAERSK
SESU2141874,20DC,MAERSK
SESU2142079,20DC,MAERSK
SESU2151390,20DC,OOCL
SESU2164289,20DC,MAERSK
SESU2167009,20DC,PUDTRA-TJN
SESU2173423,20DC,CAESAR-SHA
SESU2173790,20DC,CAESAR-SHA
SESU2174034,20DC,CAESAR-SHA
SESU2174081,20DC,CAESAR-SHA
SESU2176504,20DC,CAESAR-SHA
SESU2176588,20DC,CAESAR-SHA
SESU2183252,20DC,CAESAR-SHA
SESU2183273,20DC,CAESAR-SHA
SESU2183437,20DC,CAESAR-SHA
SESU2183967,20DC,CAESAR-SHA
SESU2183972,20DC,CAESAR-SHA
SESU2183993,20DC,CAESAR-SHA
SESU2185949,20DC,CAESAR-SHA
SESU2187237,20DC,PUDTRA-TJN
SESU2187427,20DC,COSCO-SHA
SESU2188779,20DC,PUDTRA-TJN
SESU2188803,20DC,PUDTRA-TJN
SESU2188892,20DC,PUDTRA-TJN
SESU2188906,20DC,PUDTRA-TJN
SESU2188953,20DC,PUDTRA-TJN
SESU2189076,20DC,CAESAR-SHA
SESU2189219,20DC,CAESAR-SHA
SESU2189230,20DC,CAESAR-SHA
SESU2189245,20DC,CAESAR-SHA
SESU2189266,20DC,CAESAR-SHA
SESU2189271,20DC,CAESAR-SHA
SESU2189287,20DC,CAESAR-SHA
SESU2189292,20DC,CAESAR-SHA
SESU2189306,20DC,CAESAR-SHA
SESU2189327,20DC,CAESAR-SHA
SESU2189332,20DC,CAESAR-SHA
SESU2189353,20DC,CAESAR-SHA
SESU2189369,20DC,CAESAR-SHA
SESU2189374,20DC,CAESAR-SHA
SESU2189380,20DC,CAESAR-SHA
SESU2189395,20DC,CAESAR-SHA
SESU2189409,20DC,CAESAR-SHA
SESU2189420,20DC,CAESAR-SHA
SESU2189435,20DC,CAESAR-SHA
SESU2189440,20DC,CAESAR-SHA
SESU2189456,20DC,CAESAR-SHA
SESU2189461,20DC,CAESAR-SHA
SESU2189477,20DC,CAESAR-SHA
SESU2189498,20DC,CAESAR-SHA
SESU2189501,20DC,CAESAR-SHA
SESU2189517,20DC,CAESAR-SHA
SESU2189522,20DC,CAESAR-SHA
SESU2189610,20DC,CAESAR-SHA
SESU2189646,20DC,CAESAR-SHA
SESU2189667,20DC,CAESAR-SHA
SESU2189688,20DC,CAESAR-SHA
SESU2189693,20DC,CAESAR-SHA
SESU2189707,20DC,CAESAR-SHA
SESU2189728,20DC,CAESAR-SHA
SESU2189749,20DC,CAESAR-SHA
SESU2189754,20DC,CAESAR-SHA
SESU2189760,20DC,CAESAR-SHA
SESU2189780,20DC,CAESAR-SHA
SESU2189796,20DC,CAESAR-SHA
SESU2189800,20DC,CAESAR-SHA
SESU2189815,20DC,CAESAR-SHA
SESU2189820,20DC,CAESAR-SHA
SESU2189836,20DC,CAESAR-SHA
SESU2189857,20DC,CAESAR-SHA
SESU2189862,20DC,CAESAR-SHA
SESU2189878,20DC,CAESAR-SHA
SESU2189883,20DC,CAESAR-SHA
SESU2189899,20DC,CAESAR-SHA
SESU2189918,20DC,CAESAR-SHA
SESU2189923,20DC,CAESAR-SHA
SESU2189939,20DC,CAESAR-SHA
SESU2189944,20DC,CAESAR-SHA
SESU2189950,20DC,CAESAR-SHA
SESU2189965,20DC,CAESAR-SHA
SESU2189970,20DC,CAESAR-SHA
SESU2189986,20DC,CAESAR-SHA
SESU2189991,20DC,CAESAR-SHA
SESU2190020,20DC,CAESAR-SHA
SESU2190040,20DC,CAESAR-SHA
SESU2190061,20DC,CAESAR-SHA
SESU2190098,20DC,CAESAR-SHA
SESU2190117,20DC,CAESAR-SHA
SESU2190293,20DC,MAERSK
SESU2190930,20DC,MAERSK
SESU2190945,20DC,MAERSK
SESU2191319,20DC,PUDTRA-TJN
SESU2191860,20DC,CAESAR-SHA
SESU2192357,20DC,PUDTRA-TJN
SESU2192589,20DC,PUDTRA-TJN
SESU2192845,20DC,PUDTRA-TJN
SESU2192850,20DC,PUDTRA-TJN
SESU2192866,20DC,PUDTRA-TJN
SESU2192871,20DC,PUDTRA-TJN
SESU2192887,20DC,PUDTRA-TJN
SESU2192906,20DC,PUDTRA-TJN
SESU2192911,20DC,PUDTRA-TJN
SESU2192948,20DC,PUDTRA-TJN
SESU2192974,20DC,PUDTRA-TJN
SESU2192980,20DC,PUDTRA-TJN
SESU2192995,20DC,PUDTRA-TJN
SESU2193008,20DC,PUDTRA-TJN
SESU2193013,20DC,PUDTRA-TJN
SESU2193121,20DC,PUDTRA-TJN
SESU2193137,20DC,PUDTRA-TJN
SESU2193230,20DC,CAESAR-SHA
SESU2193271,20DC,CAESAR-SHA
SESU2194051,20DC,MAERSK
SESU2195145,20DC,CAESAR-SHA
SESU2195150,20DC,MAERSK
SESU2195171,20DC,HMM
SESU2195187,20DC,HMM
SESU2195335,20DC,MAERSK
SESU2196347,20DC,MAERSK
SESU2196516,20DC,MAERSK
SESU2196835,20DC,CAESAR-SHA
SESU2197180,20DC,MAERSK
SESU2197214,20DC,PUDTRA-SHA
SESU2198205,20DC,CAESAR-SHA
SESU2198571,20DC,OOCL
SESU2198674,20DC,OOCL
SESU2200107,20DC,CAESAR-SHA
SESU2200112,20DC,CAESAR-SHA
SESU2200128,20DC,CAESAR-SHA
SESU2200133,20DC,CAESAR-SHA
SESU2200236,20DC,OOCL
SESU2200344,20DC,OOCL
SESU2202706,20DC,COSCO-SHA
SESU2202732,20DC,COSCO-SHA
SESU2202748,20DC,COSCO-SHA
SESU2202769,20DC,COSCO-SHA
SESU2202774,20DC,COSCO-SHA
SESU2202780,20DC,COSCO-SHA
SESU2202795,20DC,COSCO-SHA
SESU2202901,20DC,CAESAR-SHA
SESU2202959,20DC,COSCO-SHA
SESU2202985,20DC,CAESAR-SHA
SESU2203106,20DC,COSCO-SHA
SESU2203111,20DC,COSCO-SHA
SESU2203220,20DC,COSCO-SHA
SESU2203235,20DC,COSCO-SHA
SESU2203240,20DC,COSCO-SHA
SESU2203256,20DC,COSCO-SHA
SESU2203554,20DC,CAESAR-SHA
SESU2203560,20DC,CAESAR-SHA
SESU2203575,20DC,CAESAR-SHA
SESU2203596,20DC,CAESAR-SHA
SESU2203620,20DC,COSCO-SHA
SESU2203636,20DC,CAESAR-SHA
SESU2203641,20DC,COSCO-SHA
SESU2203678,20DC,COSCO-SHA
SESU2203683,20DC,CAESAR-SHA
SESU2203718,20DC,COSCO-SHA
SESU2203723,20DC,CAESAR-SHA
SESU2203739,20DC,CAESAR-SHA
SESU2203750,20DC,CAESAR-SHA
SESU2203765,20DC,CAESAR-SHA
SESU2203770,20DC,CAESAR-SHA
SESU2203786,20DC,CAESAR-SHA
SESU2203791,20DC,CAESAR-SHA
SESU2203805,20DC,CAESAR-SHA
SESU2203831,20DC,CAESAR-SHA
SESU2203847,20DC,CAESAR-SHA
SESU2203852,20DC,CAESAR-SHA
SESU2203868,20DC,CAESAR-SHA
SESU2203889,20DC,CAESAR-SHA
SESU2203908,20DC,CAESAR-SHA
SESU2203913,20DC,COSCO-SHA
SESU2203929,20DC,COSCO-SHA
SESU2203934,20DC,COSCO-SHA
SESU2203960,20DC,COSCO-SHA
SESU2203997,20DC,CAESAR-SHA
SESU2204000,20DC,CAESAR-SHA
SESU2204015,20DC,CAESAR-SHA
SESU2204020,20DC,CAESAR-SHA
SESU2204036,20DC,CAESAR-SHA
SESU2204041,20DC,CAESAR-SHA
SESU2204057,20DC,CAESAR-SHA
SESU2204062,20DC,CAESAR-SHA
SESU2204313,20DC,COSCO-SHA
SESU2204490,20DC,COSCO-SHA
SESU2204503,20DC,COSCO-SHA
SESU2204519,20DC,COSCO-SHA
SESU2204524,20DC,COSCO-SHA
SESU2204530,20DC,COSCO-SHA
SESU2204545,20DC,COSCO-SHA
SESU2204550,20DC,COSCO-SHA
SESU2204566,20DC,COSCO-SHA
SESU2204592,20DC,COSCO-SHA
SESU2204627,20DC,COSCO-SHA
SESU2204648,20DC,COSCO-SHA
SESU2204714,20DC,CAESAR-SHA
SESU2204798,20DC,OOCL
SESU2204801,20DC,OOCL
SESU2204817,20DC,OOCL
SESU2204822,20DC,OOCL
SESU2204838,20DC,OOCL
SESU2204843,20DC,OOCL
SESU2204859,20DC,OOCL
SESU2204864,20DC,OOCL
SESU2204870,20DC,OOCL
SESU2204885,20DC,OOCL
SESU2204890,20DC,OOCL
SESU2204904,20DC,OOCL
SESU2204910,20DC,COSCO-SHA
SESU2204930,20DC,COSCO-SHA
SESU2204946,20DC,COSCO-SHA
SESU2205304,20DC,COSCO-SHA
SESU2205310,20DC,COSCO-SHA
SESU2205325,20DC,COSCO-SHA
SESU2205330,20DC,COSCO-SHA
SESU2205346,20DC,COSCO-SHA
SESU2205351,20DC,COSCO-SHA
SESU2205367,20DC,COSCO-SHA
SESU2205372,20DC,COSCO-SHA
SESU2205388,20DC,COSCO-SHA
SESU2205393,20DC,COSCO-SHA
SESU2205407,20DC,COSCO-SHA
SESU2205412,20DC,COSCO-SHA
SESU2205428,20DC,COSCO-SHA
SESU2205433,20DC,COSCO-SHA
SESU2205449,20DC,COSCO-SHA
SESU2205454,20DC,COSCO-SHA
SESU2205460,20DC,COSCO-SHA
SESU2205475,20DC,COSCO-SHA
SESU2205480,20DC,COSCO-SHA
SESU2205496,20DC,COSCO-SHA
SESU2205500,20DC,COSCO-SHA
SESU2205515,20DC,COSCO-SHA
SESU2205520,20DC,COSCO-SHA
SESU2205536,20DC,COSCO-SHA
SESU2205541,20DC,COSCO-SHA
SESU2205557,20DC,COSCO-SHA
SESU2205562,20DC,COSCO-SHA
SESU2205578,20DC,COSCO-SHA
SESU2205583,20DC,COSCO-SHA
SESU2205599,20DC,COSCO-SHA
SESU2205602,20DC,COSCO-SHA
SESU2205618,20DC,COSCO-SHA
SESU2205623,20DC,COSCO-SHA
SESU2205639,20DC,COSCO-SHA
SESU2205644,20DC,COSCO-SHA
SESU2205650,20DC,COSCO-SHA
SESU2205665,20DC,COSCO-SHA
SESU2205670,20DC,COSCO-SHA
SESU2205691,20DC,COSCO-SHA
SESU2205705,20DC,COSCO-SHA
SESU2205710,20DC,OOCL
SESU2205726,20DC,OOCL
SESU2205731,20DC,OOCL
SESU2205747,20DC,OOCL
SESU2205752,20DC,OOCL
SESU2205768,20DC,OOCL
SESU2205773,20DC,OOCL
SESU2205794,20DC,COSCO-SHA
SESU2205808,20DC,COSCO-SHA
SESU2205813,20DC,COSCO-SHA
SESU2205829,20DC,COSCO-SHA
SESU2205834,20DC,COSCO-SHA
SESU2205840,20DC,COSCO-SHA
SESU2205855,20DC,COSCO-SHA
SESU2205860,20DC,COSCO-SHA
SESU2205876,20DC,COSCO-SHA
SESU2205881,20DC,COSCO-SHA
SESU2205897,20DC,COSCO-SHA
SESU2205900,20DC,COSCO-SHA
SESU2205916,20DC,COSCO-SHA
SESU2205921,20DC,COSCO-SHA
SESU2205937,20DC,COSCO-SHA
SESU2205942,20DC,COSCO-SHA
SESU2205958,20DC,OOCL
SESU2205963,20DC,PUDTRA-NGB
SESU2205979,20DC,PUDTRA-NGB
SESU2205984,20DC,OOCL
SESU2205990,20DC,COSCO-SHA
SESU2206002,20DC,COSCO-SHA
SESU2206018,20DC,COSCO-SHA
SESU2206050,20DC,PUDTRA-NGB
SESU2206086,20DC,CAESAR-SHA
SESU2206091,20DC,CAESAR-SHA
SESU2206105,20DC,PUDTRA-NGB
SESU2206110,20DC,PUDTRA-NGB
SESU2206126,20DC,CAESAR-SHA
SESU2206131,20DC,PUDTRA-NGB
SESU2206152,20DC,PUDTRA-NGB
SESU2206168,20DC,PUDTRA-NGB
SESU2206173,20DC,PUDTRA-NGB
SESU2206189,20DC,PUDTRA-NGB
SESU2206194,20DC,PUDTRA-NGB
SESU2206208,20DC,PUDTRA-NGB
SESU2206213,20DC,PUDTRA-NGB
SESU2206229,20DC,PUDTRA-NGB
SESU2206234,20DC,PUDTRA-NGB
SESU2206240,20DC,PUDTRA-NGB
SESU2206255,20DC,PUDTRA-NGB
SESU2206260,20DC,PUDTRA-NGB
SESU2206276,20DC,PUDTRA-NGB
SESU2206281,20DC,PUDTRA-NGB
SESU2206297,20DC,PUDTRA-NGB
SESU2206300,20DC,PUDTRA-NGB
SESU2206321,20DC,PUDTRA-NGB
SESU2206337,20DC,PUDTRA-NGB
SESU2206342,20DC,PUDTRA-NGB
SESU2206358,20DC,PUDTRA-NGB
SESU2206363,20DC,PUDTRA-NGB
SESU2206379,20DC,PUDTRA-NGB
SESU2206384,20DC,PUDTRA-NGB
SESU2206390,20DC,PUDTRA-NGB
SESU2206403,20DC,OOCL
SESU2206419,20DC,PUDTRA-NGB
SESU2206424,20DC,PUDTRA-NGB
SESU2206430,20DC,PUDTRA-NGB
SESU2206445,20DC,PUDTRA-NGB
SESU2206450,20DC,PUDTRA-NGB
SESU2206466,20DC,PUDTRA-NGB
SESU2206471,20DC,PUDTRA-NGB
SESU2206487,20DC,PUDTRA-NGB
SESU2206492,20DC,PUDTRA-NGB
SESU2206506,20DC,PUDTRA-NGB
SESU2206511,20DC,PUDTRA-NGB
SESU2206532,20DC,PUDTRA-NGB
SESU2206548,20DC,PUDTRA-NGB
SESU2206553,20DC,PUDTRA-NGB
SESU2206569,20DC,PUDTRA-NGB
SESU2206574,20DC,PUDTRA-NGB
SESU2206580,20DC,PUDTRA-NGB
SESU2206595,20DC,PUDTRA-NGB
SESU2206609,20DC,PUDTRA-NGB
SESU2206614,20DC,PUDTRA-NGB
SESU2206620,20DC,PUDTRA-NGB
SESU2206635,20DC,PUDTRA-NGB
SESU2206640,20DC,PUDTRA-NGB
SESU2206656,20DC,PUDTRA-NGB
SESU2206661,20DC,PUDTRA-NGB
SESU2206677,20DC,PUDTRA-NGB
SESU2206682,20DC,PUDTRA-NGB
SESU2206698,20DC,PUDTRA-NGB
SESU2206701,20DC,PUDTRA-NGB
SESU2206717,20DC,PUDTRA-NGB
SESU2206722,20DC,PUDTRA-NGB
SESU2206738,20DC,CAESAR-SHA
SESU2206743,20DC,CAESAR-SHA
SESU2206759,20DC,PUDTRA-NGB
SESU2206764,20DC,PUDTRA-NGB
SESU2206770,20DC,CAESAR-SHA
SESU2206785,20DC,PUDTRA-NGB
SESU2206790,20DC,CAESAR-SHA
SESU2206804,20DC,CAESAR-SHA
SESU2206810,20DC,CAESAR-SHA
SESU2206825,20DC,PUDTRA-NGB
SESU2206830,20DC,PUDTRA-NGB
SESU2206846,20DC,CAESAR-SHA
SESU2206851,20DC,CAESAR-SHA
SESU2206867,20DC,PUDTRA-NGB
SESU2206872,20DC,CAESAR-SHA
SESU2206888,20DC,PUDTRA-NGB
SESU2206893,20DC,PUDTRA-NGB
SESU2206907,20DC,PUDTRA-NGB
SESU2206912,20DC,PUDTRA-NGB
SESU2206928,20DC,PUDTRA-NGB
SESU2206933,20DC,PUDTRA-NGB
SESU2206949,20DC,PUDTRA-NGB
SESU2206954,20DC,CAESAR-SHA
SESU2206975,20DC,OOCL
SESU2206980,20DC,OOCL
SESU2206996,20DC,OOCL
SESU2207009,20DC,OOCL
SESU2207014,20DC,PUDTRA-NGB
SESU2207020,20DC,PUDTRA-NGB
SESU2207035,20DC,OOCL
SESU2207040,20DC,OOCL
SESU2207056,20DC,PUDTRA-NGB
SESU2207077,20DC,PUDTRA-NGB
SESU2207082,20DC,PUDTRA-NGB
SESU2207098,20DC,PUDTRA-NGB
SESU2207101,20DC,PUDTRA-NGB
SESU2207117,20DC,OOCL
SESU2207122,20DC,PUDTRA-NGB
SESU2207138,20DC,CAESAR-SHA
SESU2207143,20DC,CAESAR-SHA
SESU2207159,20DC,CAESAR-SHA
SESU2207164,20DC,CAESAR-SHA
SESU2207185,20DC,CAESAR-SHA
SESU2207210,20DC,COSCO-SHA
SESU2207225,20DC,PUDTRA-NGB
SESU2207230,20DC,COSCO-SHA
SESU2207246,20DC,COSCO-SHA
SESU2207251,20DC,PUDTRA-NGB
SESU2207267,20DC,CAESAR-SHA
SESU2207272,20DC,CAESAR-SHA
SESU2207288,20DC,CAESAR-SHA
SESU2207293,20DC,CAESAR-SHA
SESU2207307,20DC,CAESAR-SHA
SESU2207312,20DC,CAESAR-SHA
SESU2207328,20DC,CAESAR-SHA
SESU2207349,20DC,COSCO-SHA
SESU2207375,20DC,CAESAR-SHA
SESU2207380,20DC,PUDTRA-NGB
SESU2207400,20DC,CAESAR-SHA
SESU2207415,20DC,CAESAR-SHA
SESU2207441,20DC,CAESAR-SHA
SESU2207502,20DC,CAESAR-SHA
SESU2207523,20DC,CAESAR-SHA
SESU2207565,20DC,COSCO-SHA
SESU2207570,20DC,COSCO-SHA
SESU2207586,20DC,COSCO-SHA
SESU2207591,20DC,PUDTRA-NGB
SESU2207605,20DC,OOCL
SESU2207610,20DC,OOCL
SESU2207626,20DC,OOCL
SESU2207631,20DC,OOCL
SESU2207647,20DC,OOCL
SESU2207652,20DC,OOCL
SESU2207668,20DC,PUDTRA-NGB
SESU2207673,20DC,OOCL
SESU2207689,20DC,OOCL
SESU2207694,20DC,PUDTRA-NGB
SESU2207708,20DC,OOCL
SESU2207713,20DC,OOCL
SESU2207729,20DC,PUDTRA-NGB
SESU2207734,20DC,COSCO-SHA
SESU2207740,20DC,PUDTRA-NGB
SESU2207755,20DC,COSCO-SHA
SESU2207760,20DC,COSCO-SHA
SESU2207776,20DC,PUDTRA-NGB
SESU2207781,20DC,COSCO-SHA
SESU2207800,20DC,COSCO-SHA
SESU2207816,20DC,PUDTRA-NGB
SESU2207821,20DC,PUDTRA-NGB
SESU2207858,20DC,CAESAR-SHA
SESU2207863,20DC,CAESAR-SHA
SESU2207903,20DC,CAESAR-SHA
SESU2207919,20DC,CAESAR-SHA
SESU2207966,20DC,CAESAR-SHA
SESU2207992,20DC,CAESAR-SHA
SESU2208026,20DC,CAESAR-SHA
SESU2208031,20DC,CAESAR-SHA
SESU2208052,20DC,CAESAR-SHA
SESU2208068,20DC,CAESAR-SHA
SESU2208073,20DC,CAESAR-SHA
SESU2208089,20DC,CAESAR-SHA
SESU2208094,20DC,CAESAR-SHA
SESU2208108,20DC,CAESAR-SHA
SESU2208113,20DC,CAESAR-SHA
SESU2208129,20DC,CAESAR-SHA
SESU2208134,20DC,CAESAR-SHA
SESU2208140,20DC,CAESAR-SHA
SESU2208155,20DC,CAESAR-SHA
SESU2208160,20DC,CAESAR-SHA
SESU2208176,20DC,CAESAR-SHA
SESU2208197,20DC,CAESAR-SHA
SESU2208200,20DC,CAESAR-SHA
SESU2208221,20DC,CAESAR-SHA
SESU2208242,20DC,CAESAR-SHA
SESU2208258,20DC,CAESAR-SHA
SESU2208263,20DC,CAESAR-SHA
SESU2208279,20DC,CAESAR-SHA
SESU2208284,20DC,CAESAR-SHA
SESU2208290,20DC,CAESAR-SHA
SESU2208303,20DC,CAESAR-SHA
SESU2208319,20DC,CAESAR-SHA
SESU2208324,20DC,CAESAR-SHA
SESU2208330,20DC,CAESAR-SHA
SESU2208345,20DC,CAESAR-SHA
SESU2208350,20DC,CAESAR-SHA
SESU2208828,20DC,CAESAR-SHA
SESU2208896,20DC,CAESAR-SHA
SESU2208957,20DC,SINOTR-SHA
SESU2208962,20DC,SINOTR-SHA
SESU2208978,20DC,SINOTR-SHA
SESU2208999,20DC,SINOTR-SHA
SESU2209001,20DC,SINOTR-SHA
SESU2209017,20DC,COSCO-SHA
SESU2209038,20DC,SINOTR-SHA
SESU2209043,20DC,SINOTR-SHA
SESU2209064,20DC,SINOTR-SHA
SESU2209085,20DC,SINOTR-SHA
SESU2209090,20DC,SINOTR-SHA
SESU2209104,20DC,SINOTR-SHA
SESU2209110,20DC,SINOTR-SHA
SESU2209125,20DC,SINOTR-SHA
SESU2209130,20DC,SINOTR-SHA
SESU2209146,20DC,SINOTR-SHA
SESU2209167,20DC,SINOTR-SHA
SESU2209172,20DC,SINOTR-SHA
SESU2209188,20DC,SINOTR-SHA
SESU2209193,20DC,SINOTR-SHA
SESU2209207,20DC,SINOTR-SHA
SESU2209212,20DC,SINOTR-SHA
SESU2209228,20DC,SINOTR-SHA
SESU2209249,20DC,SINOTR-SHA
SESU2209254,20DC,COSCO-SHA
SESU2209260,20DC,COSCO-SHA
SESU2209275,20DC,COSCO-SHA
SESU2209280,20DC,COSCO-SHA
SESU2209296,20DC,COSCO-SHA
SESU2209300,20DC,COSCO-SHA
SESU2209315,20DC,COSCO-SHA
SESU2209320,20DC,COSCO-SHA
SESU2209336,20DC,COSCO-SHA
SESU2209341,20DC,COSCO-SHA
SESU2209357,20DC,COSCO-SHA
SESU2209362,20DC,COSCO-SHA
SESU2209378,20DC,COSCO-SHA
SESU2209383,20DC,COSCO-SHA
SESU2209399,20DC,COSCO-SHA
SESU2209402,20DC,COSCO-SHA
SESU2209418,20DC,COSCO-SHA
SESU2209423,20DC,COSCO-SHA
SESU2209439,20DC,COSCO-SHA
SESU2209444,20DC,COSCO-SHA
SESU2209450,20DC,COSCO-SHA
SESU2209465,20DC,COSCO-SHA
SESU2209470,20DC,COSCO-SHA
SESU2209486,20DC,COSCO-SHA
SESU2209491,20DC,COSCO-SHA
SESU2209505,20DC,COSCO-SHA
SESU2209510,20DC,COSCO-SHA
SESU2209526,20DC,COSCO-SHA
SESU2209531,20DC,COSCO-SHA
SESU2209547,20DC,COSCO-SHA
SESU2209552,20DC,SINOTR-SHA
SESU2209568,20DC,COSCO-SHA
SESU2209573,20DC,SINOTR-SHA
SESU2209589,20DC,SINOTR-SHA
SESU2209594,20DC,SINOTR-SHA
SESU2209608,20DC,SINOTR-SHA
SESU2209613,20DC,SINOTR-SHA
SESU2209629,20DC,SINOTR-SHA
SESU2209634,20DC,SINOTR-SHA
SESU2209640,20DC,SINOTR-SHA
SESU2209655,20DC,SINOTR-SHA
SESU2209660,20DC,SINOTR-SHA
SESU2209676,20DC,SINOTR-SHA
SESU2209681,20DC,SINOTR-SHA
SESU2209697,20DC,SINOTR-SHA
SESU2209700,20DC,SINOTR-SHA
SESU2209716,20DC,SINOTR-SHA
SESU2209721,20DC,SINOTR-SHA
SESU2209737,20DC,SINOTR-SHA
SESU2209742,20DC,SINOTR-SHA
SESU2209758,20DC,SINOTR-SHA
SESU2209803,20DC,SINOTR-SHA
SESU2209845,20DC,SINOTR-SHA
SESU2209850,20DC,SINOTR-SHA
SESU2209866,20DC,SINOTR-SHA
SESU2209871,20DC,SINOTR-SHA
SESU2209887,20DC,SINOTR-SHA
SESU2209911,20DC,COSCO-SHA
SESU2209927,20DC,COSCO-SHA
SESU2209932,20DC,COSCO-SHA
SESU2209948,20DC,COSCO-SHA
SESU2209953,20DC,COSCO-SHA
SESU2209969,20DC,COSCO-SHA
SESU2209974,20DC,COSCO-SHA
SESU2209980,20DC,COSCO-SHA
SESU2209995,20DC,COSCO-SHA
SESU2210002,20DC,COSCO-SHA
SESU2210018,20DC,COSCO-SHA
SESU2210023,20DC,COSCO-SHA
SESU2210039,20DC,COSCO-SHA
SESU2210044,20DC,COSCO-SHA
SESU2210050,20DC,COSCO-SHA
SESU2210065,20DC,COSCO-SHA
SESU2210070,20DC,COSCO-SHA
SESU2210086,20DC,COSCO-SHA
SESU2210147,20DC,CMACGM
SESU2210152,20DC,CMACGM
SESU2210168,20DC,CMACGM
SESU2210173,20DC,OOCL
SESU2210189,20DC,CMACGM
SESU2210194,20DC,CMACGM
SESU2210208,20DC,CMACGM
SESU2210213,20DC,CMACGM
SESU2210229,20DC,OOCL
SESU2210234,20DC,CMACGM
SESU2210240,20DC,CMACGM
SESU2210255,20DC,CMACGM
SESU2210260,20DC,CMACGM
SESU2210276,20DC,CMACGM
SESU2210281,20DC,CMACGM
SESU2210297,20DC,CMACGM
SESU2210300,20DC,CMACGM
SESU2210316,20DC,CMACGM
SESU2210321,20DC,CMACGM
SESU2210337,20DC,OOCL
SESU2210342,20DC,CMACGM
SESU2210358,20DC,CMACGM
SESU2210363,20DC,OOCL
SESU2210379,20DC,OOCL
SESU2210384,20DC,OOCL
SESU2210390,20DC,OOCL
SESU2210403,20DC,OOCL
SESU2210419,20DC,OOCL
SESU2210424,20DC,MAERSK
SESU2210430,20DC,MAERSK
SESU2210445,20DC,MAERSK
SESU2210450,20DC,MAERSK
SESU2210466,20DC,MAERSK
SESU2210471,20DC,MAERSK
SESU2210487,20DC,MAERSK
SESU2210492,20DC,MAERSK
SESU2210506,20DC,MAERSK
SESU2210511,20DC,MAERSK
SESU2210527,20DC,OOCL
SESU2210532,20DC,MAERSK
SESU2210548,20DC,MAERSK
SESU2210553,20DC,MAERSK
SESU2210569,20DC,MAERSK
SESU2210574,20DC,MAERSK
SESU2210580,20DC,OOCL
SESU2210595,20DC,MAERSK
SESU2210609,20DC,MAERSK
SESU2210614,20DC,MAERSK
SESU2210620,20DC,OOCL
SESU2210635,20DC,MAERSK
SESU2210640,20DC,MAERSK
SESU2210656,20DC,MAERSK
SESU2210677,20DC,MAERSK
SESU2210682,20DC,MAERSK
SESU2210701,20DC,MAERSK
SESU2210717,20DC,MAERSK
SESU2210722,20DC,OOCL
SESU2210743,20DC,MAERSK
SESU2210770,20DC,OOCL
SESU2210785,20DC,MAERSK
SESU2210804,20DC,MAERSK
SESU2210810,20DC,MAERSK
SESU2210830,20DC,OOCL
SESU2210846,20DC,MAERSK
SESU2210851,20DC,MAERSK
SESU2210867,20DC,MAERSK
SESU2210872,20DC,MAERSK
SESU2210888,20DC,MAERSK
SESU2210893,20DC,MAERSK
SESU2210954,20DC,MAERSK
SESU2210960,20DC,CMACGM
SESU2210975,20DC,MAERSK
SESU2210996,20DC,MAERSK
SESU2211009,20DC,MAERSK
SESU2211056,20DC,MAERSK
SESU2211098,20DC,OOCL
SESU2211101,20DC,OOCL
SESU2211117,20DC,OOCL
SESU2211122,20DC,OOCL
SESU2211138,20DC,OOCL
SESU2212242,20DC,PUDTRA-NGB
SESU2212258,20DC,PUDTRA-NGB
SESU2212263,20DC,PUDTRA-NGB
SESU2212279,20DC,PUDTRA-NGB
SESU2212284,20DC,PUDTRA-NGB
SESU2212290,20DC,PUDTRA-NGB
SESU2212303,20DC,PUDTRA-NGB
SESU2212319,20DC,PUDTRA-NGB
SESU2212324,20DC,PUDTRA-NGB
SESU2212330,20DC,PUDTRA-NGB
SESU2212345,20DC,PUDTRA-NGB
SESU2212350,20DC,PUDTRA-NGB
SESU2212366,20DC,PUDTRA-NGB
SESU2212371,20DC,PUDTRA-NGB
SESU2212387,20DC,PUDTRA-NGB
SESU2212392,20DC,PUDTRA-NGB
SESU2212406,20DC,PUDTRA-NGB
SESU2212411,20DC,PUDTRA-NGB
SESU2212427,20DC,COSCO-SHA
SESU2212432,20DC,COSCO-SHA
SESU2212453,20DC,PUDTRA-NGB
SESU2212469,20DC,PUDTRA-NGB
SESU2212480,20DC,PUDTRA-NGB
SESU2212495,20DC,PUDTRA-NGB
SESU2212509,20DC,PUDTRA-NGB
SESU2212514,20DC,PUDTRA-NGB
SESU2212520,20DC,PUDTRA-NGB
SESU2212535,20DC,PUDTRA-NGB
SESU2212540,20DC,PUDTRA-NGB
SESU2212556,20DC,PUDTRA-NGB
SESU2212561,20DC,PUDTRA-NGB
SESU2212582,20DC,COSCO-SHA
SESU2212601,20DC,COSCO-SHA
SESU2212638,20DC,PUDTRA-NGB
SESU2212659,20DC,PUDTRA-NGB
SESU2212685,20DC,COSCO-SHA
SESU2212690,20DC,COSCO-SHA
SESU2212704,20DC,COSCO-SHA
SESU2212710,20DC,COSCO-SHA
SESU2212725,20DC,COSCO-SHA
SESU2212730,20DC,COSCO-SHA
SESU2212746,20DC,COSCO-SHA
SESU2212751,20DC,COSCO-SHA
SESU2212767,20DC,COSCO-SHA
SESU2212772,20DC,COSCO-SHA
SESU2212807,20DC,COSCO-SHA
SESU2212854,20DC,PUDTRA-NGB
SESU2212896,20DC,COSCO-SHA
SESU2213017,20DC,PUDTRA-NGB
SESU2907110,20HC,OOCL
SESU2907640,20HC,COSCO-SHA
SESU2907656,20HC,COSCO-SHA
SESU2907677,20HC,COSCO-SHA
SESU2907682,20HC,COSCO-SHA
SESU2907698,20HC,COSCO-SHA
SESU2907717,20HC,COSCO-SHA
SESU2907722,20HC,COSCO-SHA
SESU2907738,20HC,COSCO-SHA
SESU2907743,20HC,COSCO-SHA
SESU2907759,20HC,COSCO-SHA
SESU2907764,20HC,COSCO-SHA
SESU2907770,20HC,COSCO-SHA
SESU2907785,20HC,COSCO-SHA
SESU2907790,20HC,COSCO-SHA
SESU2907804,20HC,COSCO-SHA
SESU2907825,20HC,COSCO-SHA
SESU2908020,20HC,COSCO-SHA
SESU2908040,20HC,COSCO-SHA
SESU2908056,20HC,COSCO-SHA
SESU2908061,20HC,COSCO-SHA
SESU2908101,20HC,SINOTR-SHA
SESU2908117,20HC,SINOTR-SHA
SESU2908122,20HC,SINOTR-SHA
SESU2908138,20HC,SINOTR-SHA
SESU2908143,20HC,SINOTR-SHA
SESU2908159,20HC,SINOTR-SHA
SESU2908164,20HC,SINOTR-SHA
SESU2908170,20HC,SINOTR-SHA
SESU2908185,20HC,SINOTR-SHA
SESU2908190,20HC,SINOTR-SHA
SESU2908204,20HC,SINOTR-SHA
SESU2908210,20HC,SINOTR-SHA
SESU2908230,20HC,SINOTR-SHA
SESU2908246,20HC,SINOTR-SHA
SESU2908251,20HC,COSCO-SHA
SESU2908267,20HC,COSCO-SHA
SESU2908288,20HC,CAESAR-SHA
SESU2908293,20HC,CAESAR-SHA
SESU2908307,20HC,CAESAR-SHA
SESU2908312,20HC,CAESAR-SHA
SESU2908328,20HC,CAESAR-SHA
SESU2908333,20HC,CAESAR-SHA
SESU2908349,20HC,CAESAR-SHA
SESU2908354,20HC,SINOTR-SHA
SESU2908380,20HC,SINOTR-SHA
SESU2908396,20HC,SINOTR-SHA
SESU2908400,20HC,SINOTR-SHA
SESU2908415,20HC,SINOTR-SHA
SESU2908420,20HC,SINOTR-SHA
SESU2908436,20HC,SINOTR-SHA
SESU2908441,20HC,SINOTR-SHA
SESU2908457,20HC,SINOTR-SHA
SESU2908462,20HC,CAESAR-SHA
SESU2908478,20HC,SINOTR-SHA
SESU2908483,20HC,SINOTR-SHA
SESU2908499,20HC,SINOTR-SHA
SESU2908502,20HC,SINOTR-SHA
SESU2908518,20HC,SINOTR-SHA
SESU2908523,20HC,SINOTR-SHA
SESU2908539,20HC,SINOTR-SHA
SESU2908544,20HC,SINOTR-SHA
SESU2908550,20HC,SINOTR-SHA
SESU2908565,20HC,SINOTR-SHA
SESU2908570,20HC,SINOTR-SHA
SESU2908586,20HC,SINOTR-SHA
SESU2908591,20HC,SINOTR-SHA
SESU2908605,20HC,SINOTR-SHA
SESU2908610,20HC,SINOTR-SHA
SESU2908626,20HC,SINOTR-SHA
SESU2908631,20HC,SINOTR-SHA
SESU2908647,20HC,OOCL
SESU2908652,20HC,OOCL
SESU2908668,20HC,SINOTR-SHA
SESU2908673,20HC,SINOTR-SHA
SESU2908689,20HC,SINOTR-SHA
SESU2908694,20HC,SINOTR-SHA
SESU2908708,20HC,OOCL
SESU2908713,20HC,OOCL
SESU2908729,20HC,OOCL
SESU2908734,20HC,OOCL
SESU2908740,20HC,OOCL
SESU2908755,20HC,OOCL
SESU2908760,20HC,OOCL
SESU2908776,20HC,OOCL
SESU2908800,20HC,OOCL
SESU2908816,20HC,OOCL
SESU2908821,20HC,OOCL
SESU2908837,20HC,OOCL
SESU2908842,20HC,OOCL
SESU2908858,20HC,OOCL
SESU2908863,20HC,OOCL
SESU2908879,20HC,OOCL
SESU2908884,20HC,OOCL
SESU2908890,20HC,OOCL
SESU2908971,20HC,SINOTR-SHA
SESU2908987,20HC,COSCO-SHA
SESU2908992,20HC,COSCO-SHA
SESU2909010,20HC,COSCO-SHA
SESU2909026,20HC,COSCO-SHA
SESU2909031,20HC,COSCO-SHA
SESU2909047,20HC,COSCO-SHA
SESU2909052,20HC,COSCO-SHA
SESU2909068,20HC,COSCO-SHA
SESU2909073,20HC,COSCO-SHA
SESU2909089,20HC,COSCO-SHA
SESU2909094,20HC,COSCO-SHA
SESU2909108,20HC,COSCO-SHA
SESU2909113,20HC,COSCO-SHA
SESU2909140,20HC,COSCO-SHA
SESU2909181,20HC,SINOTR-SHA
SESU2909319,20HC,SINOTR-SHA
SESU2909345,20HC,COSCO-SHA
SESU2909411,20HC,SINOTR-SHA
SESU2909453,20HC,SINOTR-SHA
SESU2909469,20HC,COSCO-SHA
SESU2909474,20HC,SINOTR-SHA
SESU2909495,20HC,COSCO-SHA
SESU2909638,20HC,COSCO-SHA
SESU2909643,20HC,COSCO-SHA
SESU2909659,20HC,COSCO-SHA
SESU2909670,20HC,COSCO-SHA
SESU2909685,20HC,COSCO-SHA
SESU2909690,20HC,COSCO-SHA
SESU4011859,40DC,CAESAR-SHA
SESU4011864,40DC,CAESAR-SHA
SESU4011885,40DC,CAESAR-SHA
SESU4011890,40DC,CAESAR-SHA
SESU4011904,40DC,CAESAR-SHA
SESU4011910,40DC,CAESAR-SHA
SESU4011925,40DC,CAESAR-SHA
SESU4011930,40DC,CAESAR-SHA
SESU4011946,40DC,CAESAR-SHA
SESU4012053,40DC,CAESAR-SHA
SESU4012109,40DC,CAESAR-SHA
SESU4012644,40DC,CAESAR-SHA
SESU4012670,40DC,CAESAR-SHA
SESU4012731,40DC,CAESAR-SHA
SESU4012979,40DC,CAESAR-SHA
SESU4013023,40DC,CAESAR-SHA
SESU4013039,40DC,CAESAR-SHA
SESU4013358,40DC,CAESAR-SHA
SESU4013363,40DC,CAESAR-SHA
SESU4013379,40DC,CAESAR-SHA
SESU4013384,40DC,CAESAR-SHA
SESU4013390,40DC,CAESAR-SHA
SESU4013403,40DC,CAESAR-SHA
SESU4013419,40DC,CAESAR-SHA
SESU4013424,40DC,CAESAR-SHA
SESU4013430,40DC,CAESAR-SHA
SESU4013445,40DC,CAESAR-SHA
SESU4013450,40DC,CAESAR-SHA
SESU4013466,40DC,CAESAR-SHA
SESU4013471,40DC,CAESAR-SHA
SESU4013487,40DC,CAESAR-SHA
SESU4013492,40DC,CAESAR-SHA
SESU4013527,40DC,COSCO-SHA
SESU4013532,40DC,CAESAR-SHA
SESU4013569,40DC,COSCO-SHA
SESU4013574,40DC,CAESAR-SHA
SESU4013580,40DC,CAESAR-SHA
SESU4013595,40DC,CAESAR-SHA
SESU4013620,40DC,COSCO-SHA
SESU4013635,40DC,CAESAR-SHA
SESU4013640,40DC,CAESAR-SHA
SESU4013656,40DC,CAESAR-SHA
SESU4013661,40DC,CAESAR-SHA
SESU4013677,40DC,CAESAR-SHA
SESU4013682,40DC,CAESAR-SHA
SESU4013698,40DC,CAESAR-SHA
SESU4013701,40DC,CAESAR-SHA
SESU4013717,40DC,CAESAR-SHA
SESU4013722,40DC,CAESAR-SHA
SESU4013738,40DC,CAESAR-SHA
SESU4013743,40DC,CAESAR-SHA
SESU4013759,40DC,CAESAR-SHA
SESU4013764,40DC,CAESAR-SHA
SESU4013785,40DC,CAESAR-SHA
SESU4013790,40DC,CAESAR-SHA
SESU4013804,40DC,CAESAR-SHA
SESU4013810,40DC,CAESAR-SHA
SESU4013830,40DC,CAESAR-SHA
SESU4013846,40DC,CAESAR-SHA
SESU4912224,40HC,CAESAR-SHA
SESU4912395,40HC,CAESAR-SHA
SESU4912409,40HC,CAESAR-SHA
SESU4912420,40HC,CAESAR-SHA
SESU4912435,40HC,CAESAR-SHA
SESU4912440,40HC,CAESAR-SHA
SESU4912456,40HC,CAESAR-SHA
SESU4912461,40HC,CAESAR-SHA
SESU4912477,40HC,CAESAR-SHA
SESU4912482,40HC,CAESAR-SHA
SESU4912498,40HC,CAESAR-SHA
SESU4912501,40HC,CAESAR-SHA
SESU4912538,40HC,CAESAR-SHA
SESU4912667,40HC,CAESAR-SHA
SESU4912672,40HC,CAESAR-SHA
SESU4912688,40HC,CAESAR-SHA
SESU4912693,40HC,CAESAR-SHA
SESU4912707,40HC,CAESAR-SHA
SESU4912712,40HC,CAESAR-SHA
SESU4912728,40HC,CAESAR-SHA
SESU4912733,40HC,CAESAR-SHA
SESU4912749,40HC,CAESAR-SHA
SESU4912970,40HC,CAESAR-SHA
SESU4912986,40HC,CAESAR-SHA
SESU4912991,40HC,CAESAR-SHA
SESU4913220,40HC,CAESAR-SHA
SESU4913236,40HC,CAESAR-SHA
SESU4913241,40HC,CAESAR-SHA
SESU4913283,40HC,CAESAR-SHA
SESU4913302,40HC,CAESAR-SHA
SESU4913684,40HC,CAESAR-SHA
SESU4913690,40HC,CAESAR-SHA
SESU4913703,40HC,CAESAR-SHA
SESU4914320,40HC,COSCO-SHA
SESU4914335,40HC,COSCO-SHA
SESU4914382,40HC,COSCO-SHA
SESU4914398,40HC,COSCO-SHA
SESU4914401,40HC,COSCO-SHA
SESU4914757,40HC,CAESAR-SHA
SESU4914783,40HC,CAESAR-SHA
SESU4914802,40HC,CAESAR-SHA
SESU4914910,40HC,SINOTR-SHA
SESU4914931,40HC,SINOTR-SHA
SESU4914952,40HC,SINOTR-SHA
SESU4914968,40HC,SINOTR-SHA
SESU4915007,40HC,SINOTR-SHA
SESU4915012,40HC,SINOTR-SHA
SESU4915033,40HC,SINOTR-SHA
SESU4915049,40HC,SINOTR-SHA
SESU4915060,40HC,SINOTR-SHA
SESU4915075,40HC,SINOTR-SHA
SESU4915096,40HC,SINOTR-SHA
SESU4915100,40HC,SINOTR-SHA
SESU4915115,40HC,SINOTR-SHA
SESU4915120,40HC,SINOTR-SHA
SESU4915136,40HC,SINOTR-SHA
SESU4915141,40HC,SINOTR-SHA
SESU4915157,40HC,SINOTR-SHA
SESU4915178,40HC,SINOTR-SHA
SESU4915199,40HC,SINOTR-SHA
SESU4915202,40HC,SINOTR-SHA
SESU4915250,40HC,SINOTR-SHA
SESU4915265,40HC,SINOTR-SHA
SESU4915270,40HC,SINOTR-SHA
SESU4915305,40HC,SINOTR-SHA
